kollagen-tripleks	https://www.rbc.ru/life/news/6a1ee0c79a79471bbbc5f433	Когда лучше принимать коллаген: утром или вечером, до или после еды
kortizol-molekula	https://tass.ru/obschestvo/27249099	Утренние отеки говорят о повышенном кортизоле
smas-fokus	https://flacon-magazine.com/ukhod/kosmetologiya/3580194-chtoby-bylo-krasivo-i-ne-vybivalo-iz-grafika-kak-rabotayet-smas-lifting	«Чтобы было красиво и не выбивало из графика». Как работает SMAS-лифтинг
neyroset-signal	https://beautyhack.ru/krasota/uhod/wellness-manifest-2026-tochnost-neyronauka-i-estestvennost	Wellness-манифест 2026: точность, нейронаука и естественность
molekuly-ryad	https://www.gazeta.ru/style/news/2023/04/11/20187565.shtml	Врач-косметолог Оксана Чащина назвала компоненты косметики, которых лучше избегать
peptidnaya-cep	https://umagazine.ru/krasota/health/peptidy-gialuronka-kisloty-chto-takoe-antieydzhing-ili-chto-dolzhno-byt-v-vashem-kreme-chtoby-ne-sta/	Пептиды, гиалуроновая кислота и другие модные компоненты косметических средств — панацея или нет?
led-massiv	https://www.beautyinsider.ru/2021/04/21/chto-takoe-led-terapiya-i-nuzhna-li-ona-lichno-vam/	LED-терапия для красоты и молодости: правда ли помогает?
fibroblasty-matriks	https://www.buro247.ru/beauty/health/29-jan-2019-rejuvenation-with-your-own-fibroblasts.html	Что нужно знать об омоложении собственными фибробластами
dnk-spiral	https://umagazine.ru/krasota/practice/kakie-tipy-stareniya-kozhi-byvayut-i-kak-s-nimi-borotsya-na-primere-zvezd/	Типы старения: какие бывают и что можно, а что нельзя делать при каждом из них?
gialuronka-set	https://saltmag.ru/beauty/face/71-kosmetika-s-gialuronovoj-kislotoj-panatseja-ili-marketingovyj-hod/	Косметика с гиалуроновой кислотой: панацея или маркетинговый ход
lazer-optika	https://www.cosmo.ru/beauty/face/holodnyy-priem-5-kosmetologicheskih-procedur-kotorye-stoit-sdelat-zimoy/	Холодный прием: 5 косметологических процедур, которые стоит сделать зимой
melanin-granuly	https://somanyhorses.ru/pigmentnye-pyatna-i-sredstva-borby-s-nimi-kremy-i-sovety-kosmetologa/	Пигментные пятна: лучшие средства, кремы и секреты «отбеливания»
prizma-uf	https://www.cosmo.ru/beauty/face/vrag-ili-net-kak-vliyaet-solnce-na-organizm-i-stoit-li-ego-boyatsya/	Враг или нет: как влияет солнце на организм и стоит ли его бояться
inflammeyging-ochagi	https://m.buro247.ru/beauty/health/27-mar-2019-inflammaging-skin.html	Что такое инфламэйджинг кожи и как он возникает
voda-vodorodnye-svyazi	https://theblueprint.ru/beauty/voda-faq	Сколько воды в день нужно пить? Что будет, если пить по 2 литра? Можно заменить воду чаем?
denaturaciya	https://www.grazia.ru/beauty/pochemu-vse-pomeshalis-na-kollagenovom-jele-i-est-li-polza-ot-nego/	Коллагеновое желе
elastin-razryv	https://www.beautyinsider.ru/2021/06/21/kolcza-venery-kak-ubrat-sovetuyut-eksperty/	Кольца венеры на шее: как убрать, избавиться, советы экспертов, отзывы
micelly-lipoliz	https://www.beautyinsider.ru/2015/06/08/double-chin-reduction-fifth-element/	Как убрать второй подбородок? Использование липолитиков, отзывы
volos-kutikula	https://aif.ru/health/secrets/po_volosam_plachut_pochemu_osenyu_oni_vypadayut_i_sekutsya	По волосам плачут. Почему осенью они выпадают и секутся
glikaciya-sshivki	https://umagazine.ru/krasota/health/vzyali-bronzu-bezopasny-li-avtozagary-dlya-kozhi/	Чем опасны автозагары и как они связаны с гликацией, приводящей к ускоренному старению.
kapillyary-set	https://umagazine.ru/krasota/health/effekt-pandy-kak-borotsya-s-temnymi-krugami-pod-glazami-sovety-ekspertov/	Про самые эффективные процедуры, которые помогут скорректировать темные круги под глазами
melatonin-ritm	https://focusmoda.ru/beauty/health/son-i-zdorove-kak-naladit-rezhim-i-chto-proishodit-s-organizmom-cheloveka-nochyu	Хватит считать овец: как наладить режим сна
kristally-pilinga	https://umagazine.ru/krasota/reviews/obekt-zhelaniya-nochnoy-piling-dlya-litsa-peptide4-ot-elemis/	Анализ состава ночного пилинга Elemis Peptide4.
karotin-molekula	https://www.ntv.ru/peredacha/Jivaya_eda/m81761/o618376/video/	Способны ли абрикосы изменить цвет кожи?
dga-avtozagar	https://www.ntv.ru/peredacha/chudo_tehniki/m24780/o632520/video/	Безопасны ли средства для автозагара? На что нужно обратить внимание при выборе таких средств.
telomery	https://bazaar.ru/beauty/reviews/delo-molodoe-chto-sdelat-dlya-svoey-krasoty-segodnya-chtoby-horosho-vyglyadet-cherez-20-let/	Дело молодое: что сделать для своей красоты сегодня, чтобы хорошо выглядеть через 20 лет
antioksidant-radikal	https://www.wday.ru/krasota-zdorovie/dietyi-i-sport/racion-dolgozhitelei-7-produktov-kotorye-ne-dadut-vam-staret/	Рацион долгожителей: 7 продуктов, которые не дадут вам стареть
frakcionnyy-lazer	https://www.wday.ru/krasota-zdorovie/beauty-gid/luchshie-omolazhivayushie-procedury-dlya-tekh-komu-za-30/	Лучшие омолаживающие процедуры для тех, кому за 30
kazein-laktoza	https://theblueprint.ru/beauty/mify-o-moloke	Стоит ли бояться лактозы? А от пастеризованного никакой пользы? Обезжиренное лучше цельного? Развеиваем главные мифы о молоке
gialuronidaza	https://www.buro247.ru/beauty/health/17-jul-2018-how-to-get-rid-of-fillers.html	Как избавиться от филлеров
sinaps-vezikuly	https://www.beautyinsider.ru/2019/06/30/na-chto-sposobna-kosmetologiya-podborka-samyih-effektivnyih-protsedur/	Ботокс, мезотерапия, филлеры: отзывы редакторов
timinovyy-dimer	https://aif.ru/health/life/chem_opasno_vesennee_solnce	Чем опасно весеннее солнце?
nonenal	https://aif.ru/health/life/chem_pahnet_starost	Чем пахнет старость?
spektr-glubina	https://youtu.be/0hWcytIfFjw	Проверка на себе | Стоит ли покупать LED-маску?
osmos-membrana	https://www.buro247.ru/beauty/cosmetic/12-feb-2019-facial-swelling.html	Отёчность лица по утрам: как избавиться
