Какие последствия бывают после введения филлеров и как можно их удалить.	https://www.buro247.ru/beauty/health/17-jul-2018-how-to-get-rid-of-fillers.html
Как сохранить молодость на долгие годы и что делать уже сейчас, чтобы через 20 лет выглядеть прекрасно?	https://bazaar.ru/beauty/reviews/delo-molodoe-chto-sdelat-dlya-svoey-krasoty-segodnya-chtoby-horosho-vyglyadet-cherez-20-let/
Гравитационный птоз	https://saltmag.ru/beauty/face/98-sohranit-litso-chto-takoe-gravitatsionnyj-ptoz-i-kak-ego-ostanovit
Что такое инфламэйджинг и почему знать о нем жизненно важно?	https://m.buro247.ru/beauty/health/27-mar-2019-inflammaging-skin.html
Фибробластотерапия — о всех особенностях этой методики.	https://saltmag.ru/beauty/face/83-kletki-krasoty-kto-takie-fibroblasty-i-pochemu-ot-nih-zavisit-nasha-molodost/
Гиалуроновая кислота – об этом веществе и его применении в косметике.	https://saltmag.ru/beauty/face/71-kosmetika-s-gialuronovoj-kislotoj-panatseja-ili-marketingovyj-hod/
Типы старения: какие бывают и что можно, а что нельзя делать при каждом из них?	https://umagazine.ru/krasota/practice/kakie-tipy-stareniya-kozhi-byvayut-i-kak-s-nimi-borotsya-na-primere-zvezd/
Клеточные технологии в косметологии — 2 эффективные методики омоложения.	https://umagazine.ru/krasota/practice/kak-v-50-vyglyadet-na-20-dve-samye-effektivnye-protsedury-po-mneniyu-kosmetologa/
Как именно солнце влияет на организм и как правильно защищаться от его воздействия	https://www.cosmo.ru/beauty/face/vrag-ili-net-kak-vliyaet-solnce-na-organizm-i-stoit-li-ego-boyatsya/
Пептиды, гиалуроновая кислота и другие модные компоненты косметических средств — панацея или нет?	https://umagazine.ru/krasota/health/peptidy-gialuronka-kisloty-chto-takoe-antieydzhing-ili-chto-dolzhno-byt-v-vashem-kreme-chtoby-ne-sta/
Носить шапку важно не только во избежание переохлаждения, но и для хорошего состояния волос.	https://aif.ru/health/secrets/nuzhna_li_volosam_shapka
5 процедур, которые стоит сделать зимой	https://www.cosmo.ru/beauty/face/holodnyy-priem-5-kosmetologicheskih-procedur-kotorye-stoit-sdelat-zimoy/
Сколько пить воды, какой и как	https://theblueprint.ru/beauty/voda-faq
Миф — мыть голову каждый день вредно?	https://the-challenger.ru/zdorove/uhod-za-soboj/mif-myt-golovu-kazhdyj-den-vredno/
С возрастом запах кожи меняется — в чем причина.	https://aif.ru/health/life/chem_pahnet_starost
Можно ли стать моложе, лежа на диване: 4 основных способа.	https://umagazine.ru/krasota/reviews/antieydzh-dlya-lenivykh-mozhno-li-vernut-molodost-lezha-na-divane-mnenie-eksperta-1/
Чем опасны автозагары и как они связаны с гликацией, приводящей к ускоренному старению.	https://umagazine.ru/krasota/health/vzyali-bronzu-bezopasny-li-avtozagary-dlya-kozhi/
Кусание губ — вредная привычка. Об основных причинах ее появления и способах борьбы	https://the-challenger.ru/zdorove/pochemu-tak/pochemu-vy-kusaete-guby-i-kak-izbavitsya-ot-etoj-opasnoj-privychki/
Об отёках лица, причинах их возникновения и способах борьбы	https://the-challenger.ru/zdorove/pochemu-tak/pochemu-otekaet-liczo-i-kak-izbavitsya-ot-otyochnosti/
Какие особенности образа жизни и косметологические методики помогают сохранять свежий внешний вид даже при напряженном графике.	https://somanyhorses.ru/kak-vyglyadet-svezho-sekrety-ot-kosmetologa/
Почему появляются пигментные пятна и как от них избавиться	https://the-challenger.ru/zdorove/pochemu-tak/pochemu-poyavlyayutsya-pigmentnye-pyatna-i-kak-s-nimi-borotsya/
Какие анализы вам стоит сдать, чтобы привести кожу в полный порядок.	https://umagazine.ru/krasota/health/kakie-analizy-stoit-sdat-pri-problemakh-s-kozhey-otvechayut-vrachi/
Как правильно ухаживать за кожей рук зимой, чтобы она перестала шелушиться и трескаться?	https://the-challenger.ru/zdorove/uhod-za-soboj/kak-pravilno-uhazhivat-za-suhoj-kozhej-ruk-zimoj-sovety-i-sredstva/
Про самые эффективные процедуры, которые помогут скорректировать темные круги под глазами	https://umagazine.ru/krasota/health/effekt-pandy-kak-borotsya-s-temnymi-krugami-pod-glazami-sovety-ekspertov/
Как вернуть молодость шее, кистям рук, локтям, коленям и ушам	https://umagazine.ru/krasota/practice/kak-vernut-molodost-shee-kistyam-ruk-loktyam-kolenyam-i-usham/
Почему на шее стареет быстрее и как с этим бороться.	https://somanyhorses.ru/prezhdevremenno-starenie-shei-kak-obratit-vremya-vspyat/
Продольные морщины на шее – это возраст или генетика? Можно ли убрать их полностью? И если да, то как?	https://www.beautyinsider.ru/2021/06/21/kolcza-venery-kak-ubrat-sovetuyut-eksperty/
Какие косметологические процедуры устарели и что пришло им на замену.	https://umagazine.ru/krasota/health/zolotye-niti-mekhanicheskaya-chistka-i-drugie-ustarevshie-protsedury-krasoty/
Стоит ли колоть в нос ботокс, филлеры и липолитики? Или риски перевешивают пользу?	https://www.beautyinsider.ru/2021/08/30/kak-izmenit-formu-nosa-bez-operaczii-i-stoit-li/
11 важных сигналов, которые укажут на проблемы с печенью	https://www.marieclaire.ru/krasota/ne-propustite-11-vazhnykh-signalov-kotorye-ukazhut-na-problemy-s-pechenyu/
Масла для тела — как пользоваться?	https://www.beautyinsider.ru/2022/09/29/masla-dlya-tela-kak-polzovatsa-chtoby-byl-tolkcc/
Безопасно ли наращивать ресницы?	https://aif.ru/health/secrets/chem_opasny_prikleennye_resnicy
Пигментация и средства борьбы с ними	https://somanyhorses.ru/pigmentnye-pyatna-i-sredstva-borby-s-nimi-kremy-i-sovety-kosmetologa/
Самые эффективные процедуры, которые за неделю или максимум десять дней помогут скорректировать черты лица, не прибегая к «тяжелой артиллерии»	https://umagazine.ru/krasota/health/uspet-do-boya-kurantov-top-7-sposobov-bystrogo-preobrazitsya-i-omoloditsya/
Три главные причины старения	https://life-ru.turbopages.org/life.ru/s/p/1548166
Какие факторы могут негативно повлиять на кожу летом и как их нейтрализовать.	http://www.aif.ru/health/secrets/kozha_volosy_nogti_kak_vosstanovitsya_posle_leta
Как правильно ухаживать за кожей вокруг глаз.	https://zdr.ru/chistyj-vzglyad/
Особенности старения.	https://www.ntv.ru/peredacha/Eda_jivaya_i_mertvaya/m52780/o535999/video/
О том, какие вопросы интимного здоровья и молодости косметологи решают совместно с гинекологами	https://www.cosmo.ru/sex-love/sex/lichnyy-vopros-intimnye-problemy-i-kak-s-nimi-borotsya-s-pomoshchyu-kosmetologii/
По каким причинам появляются отеки и что с ними делать.	https://saltmag.ru/beauty/face/95-dobroe-utro-otkuda-berutsja-oteki-i-kak-predotvratit-ih-pojavlenie/
Влияние кофе на внешность и миф о том, что кофе провоцирует целлюлит.	https://www.ntv.ru/peredacha/Eda_jivaya_i_mertvaya/m52780/o572317/video/
Какие факторы важно учесть при купании в новых местах.	https://perito-burrito.com/posts/safety-swimming
Кому полезно пить молоко? Можно ли отнести прокисшее молоко к суперфудам? Есть ли смысл принимать ванны с молоком?	https://theblueprint.ru/beauty/mify-o-moloke
Домашние beauty-гаджеты сейчас очень популярны, а есть ли от них эффект? Состояние кожи до и после нескольких недель использования домашней LED-маски.	https://youtu.be/0hWcytIfFjw
Эффективность ухода за кожей Мэрилин Монро и советы о том, что делать с кожей сейчас	https://www.radiorus.ru/brand/59306/episode/2269101
Современный подход к старению	https://www.radiorus.ru/brand/59306/episode/2432052
Способны ли абрикосы изменить цвет кожи?	https://www.ntv.ru/peredacha/Jivaya_eda/m81761/o618376/video/
Безопасны ли средства для автозагара? На что нужно обратить внимание при выборе таких средств.	https://www.ntv.ru/peredacha/chudo_tehniki/m24780/o632520/video/
Анализ состава ночного пилинга Elemis Peptide4.	https://umagazine.ru/krasota/reviews/obekt-zhelaniya-nochnoy-piling-dlya-litsa-peptide4-ot-elemis/
Почему домашний уход порой важнее салонного и какие процедуры нужны всем, у кого сухая чувствительная кожа.	https://www.beautyinsider.ru/2021/03/09/kak-uhazhivayut-za-soboj-kosmetologi-oksana-chashhina-ob-uhode-za-chyvstvitelnoi-kozhei/
Виды пигментации и способы борьбы с ней.	https://www.wonderzine.com/wonderzine/beauty/otherbeauty/256249-pigmentatsiya-i-voprosy-o-ney
Почему врачи советуют даже весной использовать солнцезащитный крем	https://aif.ru/health/life/chem_opasno_vesennee_solnce
Почему волосы осенью выпадают и секутся?	https://aif.ru/health/secrets/po_volosam_plachut_pochemu_osenyu_oni_vypadayut_i_sekutsya
Гусиная кожа, что делать, чтобы она вас больше не беспокоила?	https://www.beautyinsider.ru/2020/12/22/kak-spravitsya-s-gusinoj-kozhej-sovetuyut-eksperty/
Почему кожа обезвожена и как это исправить	https://the-challenger.ru/zdorove/uhod-za-soboj/pochemu-u-vas-obezvozhennaya-kozha-i-kak-eto-ispravit/
Откуда берется утренняя отечность лица и что с ней делать?	https://www.buro247.ru/beauty/cosmetic/12-feb-2019-facial-swelling.html
Фибробластотерапия (SPRS) — это омоложение за счет собственных клеток.	https://www.buro247.ru/beauty/health/29-jan-2019-rejuvenation-with-your-own-fibroblasts.html
Как курение влияет на кожу лица и можно ли это исправить?	https://www.marieclaire.ru/krasota/kak-kurenie-vliyaet-na-kozhu-lica-i-mozhno-li-eto-ispravit/
Врач-косметолог Оксана Чащина назвала компоненты косметики, которых лучше избегать	https://www.gazeta.ru/style/news/2023/04/11/20187565.shtml
Что такое коллаген и с чем его едят?	https://somanyhorses.ru/chto-takoe-kollagen-i-s-chem-ego-edyat/
Телеканал «ПРО БИЗНЕС». О личном бренде врача, о союзе красоты и здоровья и о значении коллагена	https://vk.com/tvprobusiness?w=wall-78290110_1386
Делала ли Кейт Бланшетт пластические операции?	https://umagazine.ru/krasota/health/delala-li-keyt-blanshett-plasticheskie-operatsii/
Как убрать второй подбородок? Личный опыт	https://www.beautyinsider.ru/2015/06/08/double-chin-reduction-fifth-element/
Убрать второй подбородок. Часть 2. Личный опыт	https://www.beautyinsider.ru/2015/10/24/mentoplasty/
Омоложение шеи и зоны декольте после 40 лет: процедуры и цены	https://www.beautyinsider.ru/2018/09/25/omolozhenie-shei-i-zonyi-dekolte-posle-40-let-protseduryi-i-tsenyi/
На что способна косметология? Подборка самых эффективных процедур	https://www.beautyinsider.ru/2019/06/30/na-chto-sposobna-kosmetologiya-podborka-samyih-effektivnyih-protsedur/
LED-терапия для красоты и молодости: правда ли помогает?	https://www.beautyinsider.ru/2021/04/21/chto-takoe-led-terapiya-i-nuzhna-li-ona-lichno-vam/
Как ухаживать за жирной возрастной кожей?	https://www.beautyinsider.ru/2022/04/07/kak-uhazhivat-za-zhirnoj-vozrastnoj-kozhej/
Рацион долгожителей: 7 продуктов, которые не дадут вам стареть	https://www.wday.ru/krasota-zdorovie/dietyi-i-sport/racion-dolgozhitelei-7-produktov-kotorye-ne-dadut-vam-staret/
Лучшие омолаживающие процедуры для тех, кому за 30	https://www.wday.ru/krasota-zdorovie/beauty-gid/luchshie-omolazhivayushie-procedury-dlya-tekh-komu-za-30/
SMAS-лифтинг	https://flacon-magazine.com/ukhod/kosmetologiya/3580194-chtoby-bylo-krasivo-i-ne-vybivalo-iz-grafika-kak-rabotayet-smas-lifting
LED-маски	https://reya.media/led-maski-dlya-licza-gadzhety-budushhego-ili-dorogaya-igrushka/
Как наладить режим сна	https://focusmoda.ru/beauty/health/son-i-zdorove-kak-naladit-rezhim-i-chto-proishodit-s-organizmom-cheloveka-nochyu
Ear seeding	https://focusmoda.ru/beauty/health/dlya-pohudeniya-semena-na-uhe-v-chem-sut-metoda-i-kak-eto-delayut-zvezdy
Тренды косметической медицины	https://ru.marus.care/articles/cosmetic_medicine_trends
Интервью	https://nbcdevelopment.ru/success-history/atlas-chashchina-oksana-valerievna-zamestitel-glavnogo-vracha-kosmetolog-lazeroterapevt-fizioterapev/
Влияет ли материал наволочки на волосы?	https://www.gazeta.ru/social/news/2026/03/31/28174561.shtml
Как выбрать постельное белье без вреда для кожи?	https://www.gazeta.ru/social/news/2026/03/31/28174591.shtml
Wellness-манифест 2026: точность, нейронаука и естественность	https://beautyhack.ru/krasota/uhod/wellness-manifest-2026-tochnost-neyronauka-i-estestvennost
Утренние отеки говорят о повышенном кортизоле	https://tass.ru/obschestvo/27249099
Когда лучше принимать коллаген: утром или вечером, до или после еды.	https://www.rbc.ru/life/news/6a1ee0c79a79471bbbc5f433
Как перестроить бьюти-рутину с поправкой на наступивший жаркий сезон	https://focusmoda.ru/beauty/skincare/beautysummer
Почему все в восторге от фильтров для душа, и действительно ли они полезны: мнение экспертов	https://www.grazia.ru/beauty/pochemu-vse-v-vostorge-ot-filtrov-dlya-dusha-i-deistvitelno-li-oni-polezny-mnenie-ekspertov/
Коллагеновое желе	https://www.grazia.ru/beauty/pochemu-vse-pomeshalis-na-kollagenovom-jele-i-est-li-polza-ot-nego/
