Buro 24/7	статья	2018	Как избавиться от филлеров	обложка	страница	«Во время инъекции ферментного препарата возникает пощипывание. Скорость расщепления, в зависимости от введенного объема, составляет от 30 минут до 5–7 дней, она зависит от точности введения и распределения ферментного препарата, в каждом случае реакция…	https://www.buro247.ru/beauty/health/17-jul-2018-how-to-get-rid-of-fillers.html
Harper’s Bazaar	статья		Дело молодое: что сделать для своей красоты сегодня, чтобы хорошо выглядеть через 20 лет	обложка	страница		https://bazaar.ru/beauty/reviews/delo-molodoe-chto-sdelat-dlya-svoey-krasoty-segodnya-chtoby-horosho-vyglyadet-cherez-20-let/
Salt	статья		Сохранить лицо: что такое гравитационный птоз и как его остановить	обложка	страница		https://saltmag.ru/beauty/face/98-sohranit-litso-chto-takoe-gravitatsionnyj-ptoz-i-kak-ego-ostanovit
Buro 24/7	статья	2019	Что такое инфламэйджинг кожи и как он возникает	обложка	страница	Инфламэйджинг затрагивает весь организм: от кожи до иммунной системы и ЖКТ. «Главное отличие от острого воспаления: долгое время может протекать бессимптомно. Первые видимые признаки — сухая тонкая кожа и её пигментация, большое количество тонких морщин.	https://m.buro247.ru/beauty/health/27-mar-2019-inflammaging-skin.html
Salt	статья		Клетки красоты: кто такие фибробласты и почему от них зависит наша молодость	обложка	страница		https://saltmag.ru/beauty/face/83-kletki-krasoty-kto-takie-fibroblasty-i-pochemu-ot-nih-zavisit-nasha-molodost/
Salt	статья		Косметика с гиалуроновой кислотой: панацея или маркетинговый ход	обложка	страница		https://saltmag.ru/beauty/face/71-kosmetika-s-gialuronovoj-kislotoj-panatseja-ili-marketingovyj-hod/
U Magazine	статья		Типы старения: какие бывают и что можно, а что нельзя делать при каждом из них?		документ		https://umagazine.ru/krasota/practice/kakie-tipy-stareniya-kozhi-byvayut-i-kak-s-nimi-borotsya-na-primere-zvezd/
U Magazine	статья		Клеточные технологии в косметологии — 2 эффективные методики омоложения.		документ		https://umagazine.ru/krasota/practice/kak-v-50-vyglyadet-na-20-dve-samye-effektivnye-protsedury-po-mneniyu-kosmetologa/
Cosmopolitan	статья		Враг или нет: как влияет солнце на организм и стоит ли его бояться	обложка	страница		https://www.cosmo.ru/beauty/face/vrag-ili-net-kak-vliyaet-solnce-na-organizm-i-stoit-li-ego-boyatsya/
U Magazine	статья		Пептиды, гиалуроновая кислота и другие модные компоненты косметических средств — панацея или нет?		документ		https://umagazine.ru/krasota/health/peptidy-gialuronka-kisloty-chto-takoe-antieydzhing-ili-chto-dolzhno-byt-v-vashem-kreme-chtoby-ne-sta/
Аргументы и факты	статья	2019	Нужна ли волосам шапка?	обложка	страница		https://aif.ru/health/secrets/nuzhna_li_volosam_shapka
Cosmopolitan	статья		Холодный прием: 5 косметологических процедур, которые стоит сделать зимой	обложка	страница		https://www.cosmo.ru/beauty/face/holodnyy-priem-5-kosmetologicheskih-procedur-kotorye-stoit-sdelat-zimoy/
The Blueprint	статья		Сколько воды в день нужно пить? Что будет, если пить по 2 литра? Можно заменить воду чаем?	обложка	страница	Например, в самолете, где организм испытывает дополнительную нагрузку. «За счет изменения давления происходит перераспределение жидкости из сосудов в ткани, но эта жидкость не эффективна в плане увлажнения, поскольку создает межклеточный отек, — говорит…	https://theblueprint.ru/beauty/voda-faq
The Challenger	статья		НЕ ОТКРЫЛАСЬ				https://the-challenger.ru/zdorove/uhod-za-soboj/mif-myt-golovu-kazhdyj-den-vredno/
Аргументы и факты	статья	2020	Чем пахнет старость?	обложка	страница		https://aif.ru/health/life/chem_pahnet_starost
U Magazine	статья		Можно ли стать моложе, лежа на диване: 4 основных способа.		документ		https://umagazine.ru/krasota/reviews/antieydzh-dlya-lenivykh-mozhno-li-vernut-molodost-lezha-na-divane-mnenie-eksperta-1/
U Magazine	статья		Чем опасны автозагары и как они связаны с гликацией, приводящей к ускоренному старению.		документ		https://umagazine.ru/krasota/health/vzyali-bronzu-bezopasny-li-avtozagary-dlya-kozhi/
The Challenger	статья		НЕ ОТКРЫЛАСЬ				https://the-challenger.ru/zdorove/pochemu-tak/pochemu-vy-kusaete-guby-i-kak-izbavitsya-ot-etoj-opasnoj-privychki/
The Challenger	статья		НЕ ОТКРЫЛАСЬ				https://the-challenger.ru/zdorove/pochemu-tak/pochemu-otekaet-liczo-i-kak-izbavitsya-ot-otyochnosti/
So Many Horses	статья		Усталый вид лица: как с этим бороться		страница		https://somanyhorses.ru/kak-vyglyadet-svezho-sekrety-ot-kosmetologa/
The Challenger	статья		НЕ ОТКРЫЛАСЬ				https://the-challenger.ru/zdorove/pochemu-tak/pochemu-poyavlyayutsya-pigmentnye-pyatna-i-kak-s-nimi-borotsya/
U Magazine	статья		Какие анализы вам стоит сдать, чтобы привести кожу в полный порядок.		документ		https://umagazine.ru/krasota/health/kakie-analizy-stoit-sdat-pri-problemakh-s-kozhey-otvechayut-vrachi/
The Challenger	статья		НЕ ОТКРЫЛАСЬ				https://the-challenger.ru/zdorove/uhod-za-soboj/kak-pravilno-uhazhivat-za-suhoj-kozhej-ruk-zimoj-sovety-i-sredstva/
U Magazine	статья		Про самые эффективные процедуры, которые помогут скорректировать темные круги под глазами		документ		https://umagazine.ru/krasota/health/effekt-pandy-kak-borotsya-s-temnymi-krugami-pod-glazami-sovety-ekspertov/
U Magazine	статья		Как вернуть молодость шее, кистям рук, локтям, коленям и ушам		документ		https://umagazine.ru/krasota/practice/kak-vernut-molodost-shee-kistyam-ruk-loktyam-kolenyam-i-usham/
So Many Horses	статья		Старение шеи: лучшие средства и советы врача-дерматокосметолога		страница		https://somanyhorses.ru/prezhdevremenno-starenie-shei-kak-obratit-vremya-vspyat/
Beauty Insider	статья	2021	Кольца венеры на шее: как убрать, избавиться, советы экспертов, отзывы	обложка	страница	Оксана Чащина: Правда. В этой области очень небольшое количество подкожно-жировой клетчатки. С возрастом ее становится еще меньше. Там также мало и сальных желез, которые отвечают за образование защитной жировой пленки на коже.	https://www.beautyinsider.ru/2021/06/21/kolcza-venery-kak-ubrat-sovetuyut-eksperty/
U Magazine	статья		Какие косметологические процедуры устарели и что пришло им на замену.		документ		https://umagazine.ru/krasota/health/zolotye-niti-mekhanicheskaya-chistka-i-drugie-ustarevshie-protsedury-krasoty/
Beauty Insider	статья	2021	Как изменить нос без операции - и стоит ли?	обложка	страница	Оксана Чащина: В целом, да. Анатомия носа очень непростая. Он состоит из хрящевой части, мягких тканей (подкожно-жировая клетчатка, кожа) и мышц.	https://www.beautyinsider.ru/2021/08/30/kak-izmenit-formu-nosa-bez-operaczii-i-stoit-li/
Marie Claire	статья		НЕ ОТКРЫЛАСЬ				https://www.marieclaire.ru/krasota/ne-propustite-11-vazhnykh-signalov-kotorye-ukazhut-na-problemy-s-pechenyu/
Beauty Insider	статья	2022	Масла для тела: как пользоваться, чтобы был толк?	обложка	страница	Масла получают из листьев, семян, ствола самых разнообразных растений. Оксана Чащина: «С химической точки зрения, косметическое масло для тела представляет собой смесь жирных кислот, которая богата каротиноидами и антиоксидантами».	https://www.beautyinsider.ru/2022/09/29/masla-dlya-tela-kak-polzovatsa-chtoby-byl-tolkcc/
Аргументы и факты	статья	2019	Чем опасны приклеенные ресницы?	обложка	страница	– В ходе наращивания к одной ресничке прикрепляются 2–3 дополнительных волоска, – объясняет врач-косметолог Оксана Чащина. – Фолликул (корень ресницы) не справляется с дополнительным весом, поэтому может травмироваться и атрофироваться.	https://aif.ru/health/secrets/chem_opasny_prikleennye_resnicy
So Many Horses	статья		Пигментные пятна: лучшие средства, кремы и секреты «отбеливания»		страница		https://somanyhorses.ru/pigmentnye-pyatna-i-sredstva-borby-s-nimi-kremy-i-sovety-kosmetologa/
U Magazine	статья		Самые эффективные процедуры, которые за неделю или максимум десять дней помогут скорректировать черты лица, не прибегая к «тяжелой артиллерии»		документ		https://umagazine.ru/krasota/health/uspet-do-boya-kurantov-top-7-sposobov-bystrogo-preobrazitsya-i-omoloditsya/
Life	статья		НЕ ОТКРЫЛАСЬ				https://life-ru.turbopages.org/life.ru/s/p/1548166
Аргументы и факты	статья	2018	Кожа, волосы, ногти. Как восстановиться после лета?	обложка	страница		http://www.aif.ru/health/secrets/kozha_volosy_nogti_kak_vosstanovitsya_posle_leta
Здоровье	статья	2024	Чистый взгляд	обложка	страница	Кроме этого, в зоне риска – те, кто близорук, но не жалует очки, контактные линзы или все еще не отважился на лазерную коррекцию зрения.	https://zdr.ru/chistyj-vzglyad/
НТВ	видео		НЕ ОТКРЫЛАСЬ				https://www.ntv.ru/peredacha/Eda_jivaya_i_mertvaya/m52780/o535999/video/
Cosmopolitan	статья		Личный вопрос: интимные проблемы и как с ними бороться с помощью косметологии	обложка	страница		https://www.cosmo.ru/sex-love/sex/lichnyy-vopros-intimnye-problemy-i-kak-s-nimi-borotsya-s-pomoshchyu-kosmetologii/
Salt	статья		Доброе утро: откуда берутся отеки и как предотвратить их появление	обложка	страница		https://saltmag.ru/beauty/face/95-dobroe-utro-otkuda-berutsja-oteki-i-kak-predotvratit-ih-pojavlenie/
НТВ	видео		НЕ ОТКРЫЛАСЬ				https://www.ntv.ru/peredacha/Eda_jivaya_i_mertvaya/m52780/o572317/video/
Perito Burrito	статья	2020	Как купаться безопасно и с заботой о своем теле	обложка	страница	Если вы проглотили совсем немного воды, можно расслабиться — опасность минимальна. Оксана Чащина объясняет, что организм здорового человека вырабатывает достаточное количество ферментов, чтобы нормализовать флору при попадании бактерий.	https://perito-burrito.com/posts/safety-swimming
The Blueprint	статья		Стоит ли бояться лактозы? А от пастеризованного никакой пользы? Обезжиренное лучше цельного? Развеиваем главные мифы о молоке	обложка	страница	Ждать потрясающих результатов от процедуры не стоит, уверена Оксана Чащина, врач-косметолог медицинского центра «Атлас»: «Молочные ванны могут дать лишь легкий отшелушивающий и питательный эффект, но не более того».	https://theblueprint.ru/beauty/mify-o-moloke
YouTube	видео		Проверка на себе | Стоит ли покупать LED-маску?	обложка	страница		https://youtu.be/0hWcytIfFjw
Радио России	радио		Радио России онлайн - слушать эфир радио бесплатно на Смотрим		страница		https://www.radiorus.ru/brand/59306/episode/2269101
Радио России	радио		Радио России онлайн - слушать эфир радио бесплатно на Смотрим		страница		https://www.radiorus.ru/brand/59306/episode/2432052
НТВ	видео		Живая еда / Выпуски / Влияние молок на либидо, польза уксуса и мифы об абрикосах	обложка	страница		https://www.ntv.ru/peredacha/Jivaya_eda/m81761/o618376/video/
НТВ	видео		Чудо техники / Выпуски программы / Тайны полимеров, моментальный загар и капсула для тушения пожара	обложка	страница		https://www.ntv.ru/peredacha/chudo_tehniki/m24780/o632520/video/
U Magazine	статья		Анализ состава ночного пилинга Elemis Peptide4.		документ		https://umagazine.ru/krasota/reviews/obekt-zhelaniya-nochnoy-piling-dlya-litsa-peptide4-ot-elemis/
Beauty Insider	статья	2021	Как ухаживают за собой косметологи: Оксана Чащина об уходе за сухой чувствительной кожей	обложка	страница	Оксана Чащина — врач-дерматокосметолог и физиотерапевт медицинского центра «Атлас», специалист по лазерным методикам, член Ассоциации косметологов и мезотерапевтов.	https://www.beautyinsider.ru/2021/03/09/kak-uhazhivayut-za-soboj-kosmetologi-oksana-chashhina-ob-uhode-za-chyvstvitelnoi-kozhei/
Wonderzine	статья		НЕ ОТКРЫЛАСЬ				https://www.wonderzine.com/wonderzine/beauty/otherbeauty/256249-pigmentatsiya-i-voprosy-o-ney
Аргументы и факты	статья	2021	Чем опасно весеннее солнце?	обложка	страница	«Весеннее солнце коварно, — рассказывает врач-косметолог медицинского центра „Атлас“ Оксана Чащина. — Хотя летом оно воздействует на человека активнее, уровень ультрафиолетового излучения и весной высок.	https://aif.ru/health/life/chem_opasno_vesennee_solnce
Аргументы и факты	статья	2022	По волосам плачут. Почему осенью они выпадают и секутся	обложка	страница		https://aif.ru/health/secrets/po_volosam_plachut_pochemu_osenyu_oni_vypadayut_i_sekutsya
Beauty Insider	статья	2020	Как справиться с гусиной кожей? Советуют эксперты	обложка	страница	«Средства с AHA и бета-гидроксикислотами тоже могут помочь, — добавляет Чащина. — Они размягчают роговые пробки (и их потом легче удалить).	https://www.beautyinsider.ru/2020/12/22/kak-spravitsya-s-gusinoj-kozhej-sovetuyut-eksperty/
The Challenger	статья		НЕ ОТКРЫЛАСЬ				https://the-challenger.ru/zdorove/uhod-za-soboj/pochemu-u-vas-obezvozhennaya-kozha-i-kak-eto-ispravit/
Buro 24/7	статья	2020	Отёчность лица по утрам: как избавиться	обложка	страница	«Основной причиной отеков лица является определённый тип старения, то есть определённый тип строения мягких тканей. Не каждый тип старения имеет тенденцию к отечности.	https://www.buro247.ru/beauty/cosmetic/12-feb-2019-facial-swelling.html
Buro 24/7	статья	2019	Что нужно знать об омоложении собственными фибробластами	обложка	страница	«Почему образец берётся за ухом? Потому что эта зона наименее подвержена травматическому воздействию солнца», — поясняет Оксана Чащина, врач-дерматокосметолог, физиотерапевт медицинского центра «Атлас».	https://www.buro247.ru/beauty/health/29-jan-2019-rejuvenation-with-your-own-fibroblasts.html
Marie Claire	статья		НЕ ОТКРЫЛАСЬ				https://www.marieclaire.ru/krasota/kak-kurenie-vliyaet-na-kozhu-lica-i-mozhno-li-eto-ispravit/
Газета.ру	статья	2023	Врач-косметолог Оксана Чащина назвала компоненты косметики, которых лучше избегать		документ		https://www.gazeta.ru/style/news/2023/04/11/20187565.shtml
So Many Horses	статья		Купить лучший коллаген: отзывы о коллагене		страница	Известный врач-косметолог, заместитель главного врача по эстетической медицине и дерматовенерологии клиники «Атлас» Оксана Чащина рассказала нашему изданию о пользе коллагена для организма человека, а также о печальных последствиях снижения уровня коллагена.	https://somanyhorses.ru/chto-takoe-kollagen-i-s-chem-ego-edyat/
ВКонтакте	соцсети		Телеканал «ПРО БИЗНЕС». О личном бренде врача, о союзе красоты и здоровья и о значении коллагена		документ		https://vk.com/tvprobusiness?w=wall-78290110_1386
U Magazine	статья		Делала ли Кейт Бланшетт пластические операции?		документ		https://umagazine.ru/krasota/health/delala-li-keyt-blanshett-plasticheskie-operatsii/
Beauty Insider	статья	2015	Как убрать второй подбородок? Использование липолитиков, отзывы	обложка	страница		https://www.beautyinsider.ru/2015/06/08/double-chin-reduction-fifth-element/
Beauty Insider	статья	2015	Как убрать второй подбородок. Личный опыт	обложка	страница	Доктор Чащина объясняет мне это подробно и доходчиво, как ребенку: «Все, что мы делаем на этом этапе, мы делаем с одной целью: ускорить обмен веществ, который с возрастом тормозится. Лет до 20-25 мы растем.	https://www.beautyinsider.ru/2015/10/24/mentoplasty/
Beauty Insider	статья	2018	Отзывы на омолаживающие процедуры для шеи и зоны декольте	обложка	страница		https://www.beautyinsider.ru/2018/09/25/omolozhenie-shei-i-zonyi-dekolte-posle-40-let-protseduryi-i-tsenyi/
Beauty Insider	статья	2019	Ботокс, мезотерапия, филлеры: отзывы редакторов	обложка	страница		https://www.beautyinsider.ru/2019/06/30/na-chto-sposobna-kosmetologiya-podborka-samyih-effektivnyih-protsedur/
Beauty Insider	статья	2021	LED-терапия для красоты и молодости: правда ли помогает?	обложка	страница	Оксана Чащина: Световая терапия стимулирует восстановительные процессы и выработку коллагена, выравнивает тон кожи, делает ее более эластичной, способствует снижению количества воспалений и регулирует работу сальных желез.	https://www.beautyinsider.ru/2021/04/21/chto-takoe-led-terapiya-i-nuzhna-li-ona-lichno-vam/
Beauty Insider	статья	2022	Как ухаживать за жирной возрастной кожей?	обложка	страница	Оксана Чащина: Основа основ для жирной возрастной кожи – уход с AHA-кислотами. Они отшелушивают, регулируют увлажненность, помогают бороться с воспалениями, мелкими морщинами, пигментацией.	https://www.beautyinsider.ru/2022/04/07/kak-uhazhivat-za-zhirnoj-vozrastnoj-kozhej/
Woman’s Day	статья		Рацион долгожителей: 7 продуктов, которые не дадут вам стареть	обложка	страница		https://www.wday.ru/krasota-zdorovie/dietyi-i-sport/racion-dolgozhitelei-7-produktov-kotorye-ne-dadut-vam-staret/
Woman’s Day	статья		Лучшие омолаживающие процедуры для тех, кому за 30	обложка	страница		https://www.wday.ru/krasota-zdorovie/beauty-gid/luchshie-omolazhivayushie-procedury-dlya-tekh-komu-za-30/
Flacon	статья	2023	«Чтобы было красиво и не выбивало из графика». Как работает SMAS-лифтинг	обложка	страница	Оксана Чащина: В косметологии широко используется ультразвуковой SMAS-лифтинг. Это работает так: ультразвуковая волна соединяется в одной точке в глубине кожи, происходит нагрев, который приводит к сокращению кожи и подкожных структур.	https://flacon-magazine.com/ukhod/kosmetologiya/3580194-chtoby-bylo-krasivo-i-ne-vybivalo-iz-grafika-kak-rabotayet-smas-lifting
Reya	статья		НЕ ОТКРЫЛАСЬ				https://reya.media/led-maski-dlya-licza-gadzhety-budushhego-ili-dorogaya-igrushka/
Focus Moda	статья	2025	Хватит считать овец: как наладить режим сна	обложка	страница		https://focusmoda.ru/beauty/health/son-i-zdorove-kak-naladit-rezhim-i-chto-proishodit-s-organizmom-cheloveka-nochyu
Focus Moda	статья	2026	Ear seeding: что это такое и кому стоит попробовать	обложка	страница		https://focusmoda.ru/beauty/health/dlya-pohudeniya-semena-na-uhe-v-chem-sut-metoda-i-kak-eto-delayut-zvezdy
Marus	статья		НЕ ОТКРЫЛАСЬ				https://ru.marus.care/articles/cosmetic_medicine_trends
NBC Development	статья		Чащина Оксана Валериевна – заместитель главного врача, косметолог, лазеротерапевт, физиотерапевт, специалист превентивной медицины — НКК		страница		https://nbcdevelopment.ru/success-history/atlas-chashchina-oksana-valerievna-zamestitel-glavnogo-vracha-kosmetolog-lazeroterapevt-fizioterapev/
Газета.ру	статья	2026	Влияет ли материал наволочки на волосы?		документ		https://www.gazeta.ru/social/news/2026/03/31/28174561.shtml
Газета.ру	статья	2026	Как выбрать постельное белье без вреда для кожи?		документ		https://www.gazeta.ru/social/news/2026/03/31/28174591.shtml
Beautyhack	статья		Wellness-манифест 2026: точность, нейронаука и естественность	обложка	страница		https://beautyhack.ru/krasota/uhod/wellness-manifest-2026-tochnost-neyronauka-i-estestvennost
ТАСС	статья		Утренние отеки говорят о повышенном кортизоле		документ		https://tass.ru/obschestvo/27249099
РБК	статья	2026	Когда лучше принимать коллаген: утром или вечером, до или после еды	обложка	страница		https://www.rbc.ru/life/news/6a1ee0c79a79471bbbc5f433
Focus Moda	статья	2026	Лето в городе: полный гид по уходу и макияжу в жару	обложка	страница		https://focusmoda.ru/beauty/skincare/beautysummer
Grazia	статья		Почему все в восторге от фильтров для душа, и действительно ли они полезны: мнение экспертов		документ		https://www.grazia.ru/beauty/pochemu-vse-v-vostorge-ot-filtrov-dlya-dusha-i-deistvitelno-li-oni-polezny-mnenie-ekspertov/
Grazia	статья		Коллагеновое желе		документ		https://www.grazia.ru/beauty/pochemu-vse-pomeshalis-na-kollagenovom-jele-i-est-li-polza-ot-nego/